population_density,green_cover_percentage,road_density,nighttime_light_intensity,water_bodies_nearby,label
3807.947176588889,18.513292883861965,2.6170568373590597,171.539263523269,1,0
9512.07163345817,54.190094737835814,2.469787990719998,203.15375628379994,0,1
7346.740023932911,87.29458358764083,9.062545805210366,63.86931419208724,1,0
6026.718993550662,73.22248864095612,2.495461998495061,159.3428953997847,0,1
1644.5845403801216,80.65611478614497,2.71949726128631,145.7952257016559,0,0
1644.345751328406,65.87833667107174,7.593982624179637,212.37174608100912,0,1
675.0277604651747,69.22765645178525,4.4973984245054,231.05220042272143,1,1
8675.143843171858,84.91956515653193,7.767105569551812,3.099976726733636,0,0
6051.038616257767,24.966800885918595,0.6536615756438524,171.87507935999213,1,1
7109.9185201808505,48.942496364314046,4.875711936733843,13.2181287755309,0,0
303.7864935284442,22.120944181960223,0.3361360018328263,139.95895959472577,1,0
9702.107536403744,98.7668007996647,0.6265320345535452,73.34634590613794,0,0
8341.182143924176,94.40593396866133,9.06437453344411,78.22803287814601,1,1
2202.157195714934,3.94268113685059,1.3924537111759516,90.00441838035093,1,1
1900.067175350296,70.55751725156884,5.324206822752171,158.42957450765059,1,0
1915.704647548995,92.52483174156659,4.110956026007066,85.18274124553615,1,0
3111.9982052994233,18.057534512733355,3.4734332625884266,186.8382579005215,1,1
5295.0886731591545,56.79452305526295,8.998333456872725,103.15448332133677,1,1
4376.255684556946,91.54882975880419,0.218233967754895,17.43006607903945,0,1
2983.168487960615,3.394597858579884,6.637896861755891,199.85875983344735,1,0
6157.343657751557,69.742026724684,9.633944342135504,72.86837277114003,1,0
1480.989220455214,29.734900737255078,5.60168183461842,110.35555429781198,1,0
2992.23202049866,92.43961953765304,9.368224620330919,174.7881902215849,0,0
3726.9822486075477,97.10582451653677,0.5225787928602377,84.77632007292156,0,0
4615.0928437486555,94.42664891134339,4.187933190741614,14.429342317412484,0,1
7873.242017790834,47.42142166574638,2.6015779096205116,95.34986698826746,1,0
2076.7704433677613,86.20426509893134,7.3082096498072975,240.83438858704739,0,1
5190.9209402947545,84.45493985350704,9.812970904972467,163.64227131113233,0,1
5964.90423173422,31.910047324325564,2.565300624442478,171.22718291013777,1,0
559.8590859279775,82.89154741506773,6.5417460147407445,161.23194917759815,1,1
6114.69403382424,3.700763471549262,1.9809763275974013,50.74299543465638,0,0
1788.1888245041862,59.6269878482053,5.653302545716099,106.67513534608143,1,1
744.0107705542672,23.000883728770305,4.639324866883362,191.48964858264617,1,0
9493.966818808,12.056688577727881,9.72005329631537,25.850088876055583,1,0
9659.757127438137,7.695320162920916,6.085272726964666,70.85245790287662,1,1
8103.133746352965,69.62887758781397,3.495063720868188,70.46137265879267,0,0
3115.67631481637,33.98749637680661,1.1409578488793337,110.16482653659902,1,1
1066.9539286632003,72.47667715287615,1.5124682873493456,249.99402894025718,0,0
6873.906962470353,6.535634079894237,2.2531692995123507,17.213149404374594,0,0
4457.509688022053,31.529033783061035,2.50966661340298,132.26875356705173,0,0
1308.1785249633103,53.949129237533725,8.506160578411379,45.73799391311366,0,1
5002.251410101575,79.07231648389636,5.612227882825249,247.52251907948477,1,1
440.4463590406621,31.875250293206992,5.233909113743664,28.89239370550337,1,0
9102.271980579942,62.58913764370091,1.1476887186921747,102.91825560220576,1,1
2661.9218178401675,88.5977748236187,8.60139693349435,188.16067113282458,0,0
6658.970615104421,61.58631881823046,7.228143032084837,179.66137914699854,0,1
3185.9396532851683,23.295947475363377,0.6766836190000158,107.79580240795272,0,1
5248.673409660327,2.440078155653802,7.078350972297686,88.36366282794314,1,0
5512.431765498469,87.00988739009298,5.4353821734264605,101.391156530982,0,0
1930.0591097027177,2.126941085038714,0.8172534574677826,67.39044710545302,1,0
9698.88781486913,87.47016726841994,4.583006415286564,52.35989937023395,1,0
7773.814951275034,52.8937134027212,4.8469628713004695,123.17512287751694,1,0
9401.039521485473,93.90676985128962,1.6577454016327575,68.47610779723986,1,1
8958.790769233723,79.87832357736654,9.456981470002823,73.30272454879878,0,1
6019.209790229743,99.79341105333374,8.49975371480662,167.47279618601206,1,0
9226.554926728857,35.071181545171015,6.690223373291083,246.9770195834725,0,0
976.075770314003,76.71882889311269,4.622955610006072,153.92748614264065,1,0
2040.2303379495374,40.193091360924214,4.1176554158450855,19.6297641015664,0,1
547.7501602143268,47.98756203039088,6.509734671509541,19.27382153278708,0,0
3320.770274556317,62.75054632183701,5.4543186940690545,242.61292131561933,1,0
3947.905167925872,87.36771141863387,0.6227310588188562,75.80915152837008,1,1
2786.3554145615694,98.40834691992951,5.125026487703317,23.477081451031236,1,1
8304.5013406041,76.82734138645182,8.064036172328395,152.7563697233473,0,1
3631.857934266534,41.77667821673337,4.59239877596958,159.03043846401786,1,1
2881.2516459050694,42.13570022770702,0.5195657755426841,165.36872913026548,1,0
5472.69122326666,73.75823015888915,7.862781993840331,68.18751710367303,0,1
1495.14982725015,23.877714576830233,2.013637821359744,3.8532244746911335,1,1
8041.750109464992,11.047411313139467,2.5862083488803878,246.07891921089032,0,0
838.0513724297311,35.462215764077655,1.647063534322959,63.97772665123114,1,0
9870.180672345121,28.723899165408174,3.302150648714975,172.3867034533996,0,0
7745.2232160369085,29.630812045599008,7.56751505688635,180.19061681907095,0,1
2067.285247188307,23.360775104990992,5.193858595039373,155.55189135526885,1,0
154.66895952366374,4.209318963636188,2.048812741507126,79.79138552448029,0,1
8173.068141702858,1.787393473341381,8.778300781520409,69.12954470983676,1,1
7097.887704091409,98.77223897360315,8.795818549515293,152.4054120891893,1,1
7317.170963605774,42.77731337358623,8.70578425046007,220.85438657098135,0,0
7735.576432190863,38.432664715968166,2.3879621138153926,241.41710087546588,1,1
833.0420521674946,67.96472826930699,4.512393441809881,27.005980122958196,0,0
3648.810712588299,21.825388786506416,9.849896561408752,39.48129621241856,0,0
1247.1036892987843,94.99611839502253,7.7201247630999035,240.9077459896853,0,0
8644.723916168376,78.6345014415552,0.2716742122555982,187.8164832253721,0,1
6270.651455592823,8.94110023122595,0.6520459126049205,225.16342533159212,0,1
3375.890446041227,41.75807757849284,4.639313768123328,51.67132170451251,0,1
729.227667831634,87.91183075621647,9.092202058615602,149.83439713289746,0,0
3178.724984985056,94.47320222914102,5.387017979527142,178.79059657645578,0,1
3319.314888064796,46.74015112498697,4.9781250803429025,173.42853078897804,1,1
7323.101165546835,61.34113892107077,1.0547369995663058,104.07868117100801,1,1
6411.81896641661,16.70339460920752,6.5678010472429404,3.9256973812836615,0,1
8883.406151505633,99.11686261369765,8.221031606002255,148.6461444850871,1,1
4774.927759103298,23.16717013834434,3.8042000750756233,64.54089249080023,1,0
1283.9830347891868,94.27317741351257,7.756118509253275,114.81483276643704,1,0
7161.123393507651,64.96466489923685,9.644766539008117,244.18315884637343,1,0
7631.7719813072845,60.773679487885914,2.037664591276891,101.75400599882086,1,0
5656.644255938013,51.26885110165086,5.233296311947413,214.14940969942882,1,1
7732.575081550154,23.06698117177587,2.8713795808457556,48.07785446605904,0,0
4988.576404007468,17.652803200550828,7.9285441903383935,171.47742699638235,1,1
5275.0550108817415,22.048620907017536,5.775933658811575,249.1367733819306,1,0
4332.656081749641,18.643826214425452,6.345824175503037,25.982740722598884,1,0
351.6493547665424,77.95844735667534,7.979141596158941,2.121585267933963,1,0
1168.125127233714,35.01252591667301,3.959704726624549,110.56361212131665,0,1
411.14893829866907,5.784267656339637,9.150900684070432,23.619498178098635,0,1
6400.463071511426,96.91026301408114,5.3302886724614,190.838009167439,0,0
3212.124212655634,88.37858849634257,1.57954822835348,233.20990928138252,0,1
5134.849842530557,92.77522831952129,6.958991181688025,110.6753480407335,1,0
9084.908091868321,99.49078226464353,7.9326135043825445,65.97146874963744,0,0
2567.993068573862,17.38952492194873,3.1676167706752665,110.7728463466855,0,0
4162.790938052734,39.62420189026587,8.57179256998753,184.47919355175026,0,1
7579.956271576182,75.82384757040913,9.061432547657663,2.3088112029945993,0,0
2365.1018383670626,69.60206180537922,2.769044873778089,150.31076731859778,1,0
862.1011073050506,15.389590633985506,9.83521472715222,156.38937964628167,0,0
2968.5393838463033,81.58331249906178,1.4071152804875842,162.61050295846354,1,1
1696.0907438146437,22.444057183666068,2.0201566840249,61.71563039512369,0,0
9304.006758191474,22.38176148226231,1.8422483923802613,182.08344446142232,1,1
8100.3917576877275,53.69744228934136,8.939897100078705,23.304829014602984,1,0
6370.697189453193,59.293993484170315,6.542925523249618,50.813935799034205,0,1
8727.459842858405,58.00862078378112,1.5210428322227287,223.7548618968929,0,0
8056.353561301233,9.148683739775487,4.40323418368349,188.37440343527442,0,0
1947.0435829717549,87.74608626303804,6.15298025069802,3.505116272893039,0,1
8936.33408505078,26.560004258870606,0.8346408498938329,63.33594639429905,1,1
5439.4881949649425,12.951492128280417,8.824163684073387,54.673653163256965,1,0
8093.657536124219,88.87480798689772,8.036035354415352,69.05561364942801,0,1
8971.303869242583,95.56514982297534,5.052067735766382,63.127741421371034,0,0
3248.2344022214525,86.21276172654507,9.671266152591704,15.944205414425664,1,0
1189.514052824,80.95160747248781,4.177609792750997,117.02983173218918,0,0
2356.5581091652225,65.52419806390218,9.841103190364977,186.84703607047211,1,1
4328.367107399938,55.08573706091393,6.67919998803627,154.7165898029463,0,0
8198.346182632682,8.698675991141014,6.346712732539414,171.58227549251035,1,1
8621.2327742378,40.845321307069874,1.65954895295785,20.693040526740983,1,0
168.82609225878798,37.2688517012314,8.81927758304644,242.63013109508074,1,1
5156.398295517901,25.97537837603262,4.2748968792061515,213.81541762997134,1,1
4232.368931172912,72.3420113688585,1.6223340578247936,205.29803121639398,1,0
2298.8673236602294,49.58757350787708,0.1260751997575904,209.86087028565072,0,1
1286.6671366034598,8.104621590764793,5.597556836383825,237.84117957385413,1,0
3442.3901968959167,22.018320194981133,5.2739962212267635,138.7847613589929,0,0
9434.80606873394,68.32587636595959,7.193536223691586,51.0719145562446,1,0
3299.709027005477,7.613085949030019,8.902580530178021,157.279820002398,1,0
5236.027155259324,85.12069140487687,0.7940658464302952,189.43478088532444,0,0
7059.887693062261,49.51465270139743,7.314964903403624,188.16893530527648,0,1
3699.9330635550104,48.0586577326648,1.8741194409758222,132.96950116255442,0,0
9720.64261893751,59.24077846595176,8.581770531571639,17.456973430062405,0,1
9628.228219926901,82.46809659251491,8.19063513861656,94.6337992996826,1,1
2592.644728671105,34.780920790219305,5.407937549855443,234.7954851581561,0,0
5022.7602083346155,67.80161525590636,7.102427986233115,149.03447198814365,1,1
3078.6952671860195,56.5731963995791,3.1435011318374837,137.27464553020693,0,0
2919.9208943369295,26.70282701694213,4.7116789893281465,68.55764616745935,0,1
465.18077880987465,87.8629986355158,8.216368977104716,93.95447457872763,1,1
6134.686906400979,79.74260216069281,4.592651971732139,228.31325273405815,1,1
5076.522329965729,65.84518346584255,3.577982653254418,169.9480771193431,0,0
609.6396373748946,85.05817290942419,4.942124472502999,200.78369182184488,1,1
2858.599995942453,86.72942009598023,8.282492524372184,115.85808288225206,1,0
9091.832271069872,70.83629767150347,3.3520804737087273,160.71304096132027,1,1
2471.662717603027,83.7013328363672,1.737615931357438,63.33782022951792,1,1
1534.4592337031086,69.74714616692836,7.120140203307807,179.892511722289,1,1
4945.582326747874,68.01407717603004,8.259782127080818,109.03834009435101,1,1
9857.939495694947,61.86113782151843,1.0063747852353333,112.84910627776013,1,0
2496.347187963854,75.27166395576413,2.3987411275594472,165.57719276710483,1,0
6754.141919318197,15.86051052930737,1.419719897609939,238.75155847457629,0,1
7640.034191754304,88.08707591989284,3.4794141158216663,16.321618385198335,1,1
2452.611685524757,87.1843527745232,4.503509789054126,210.30952552348694,0,0
7309.34185125741,2.9247283034559146,7.4882633696330645,74.55769315510925,1,0
3741.053013920607,82.58167505647627,6.511475848816741,113.19946089912635,1,0
6359.827722876436,12.886986747344519,6.2092856747843115,5.587898837627284,1,0
6371.944136532858,33.51188542591419,3.523749466096544,76.76674984774982,1,1
5404.169372340109,74.35082562916078,8.4144755308476,128.17096687068326,0,1
993.8687235386421,16.07598960483082,4.712871673981645,14.324899723596948,0,0
8369.494706333457,81.79670241190622,9.791049380151545,125.22941099270712,1,0
3275.7226432201846,83.21341779577419,6.3414213829573685,236.41321035889897,0,0
1946.533252958557,50.746773376083624,1.2626474156450274,26.87527061749033,1,0
503.67390139216275,0.638587171683358,6.7617756207543405,194.9323856592536,1,0
5949.840137563594,28.703813317491278,3.25104015431699,104.46611861087813,0,0
6807.887182238596,61.69269183757422,6.8632719668609745,167.06929720370618,0,1
264.2195063857759,98.11861780274235,0.6964114816240574,66.36033248623349,1,1
5169.721277162882,63.18135270166684,1.7488143717595939,40.670526948046366,1,1
2342.3081744595856,25.98035810641598,8.557372589057863,40.91796663916274,0,0
6487.2106250535535,63.40057030996113,2.271795570235149,17.975446139001885,1,0
1826.2276471494154,53.99853797158555,8.3704112524294,47.33990974981697,0,0
6940.283607214413,77.98453951511436,2.792760884544104,169.3759431721869,1,1
3928.6799283753203,10.698063882695841,6.428819100587076,224.83110602009455,1,0
9373.626888493673,76.1027902502028,6.9415057350983105,207.60204982574626,0,0
1461.457347045333,54.12665786761103,5.126547531450529,174.70924901799344,0,1
3476.5568753975595,96.29920038589947,3.053106766967313,28.160125169831183,0,0
1223.3878602818318,34.187216603868606,2.126443763710961,73.7427988054672,1,1
9254.466820957772,63.26218931339481,0.3318935456242622,79.0007532072296,1,1
8785.659598471711,93.20281055100175,3.039464012407238,63.73902133139341,1,0
2653.6221143800403,10.250972799067926,6.53162790531283,131.3264432259794,1,1
6633.842055738372,93.72284872364511,9.383048184484826,136.5662227943165,0,0
8190.499781992036,68.78857223008133,8.71204482263052,91.0059236686331,1,1
5596.488034834677,6.78370591051719,7.660647765353026,90.21623547779119,1,0
5343.540725724464,30.096356694681624,7.884473432532987,211.28167746605075,1,1
2494.3376799144717,70.81720886452815,6.649849034759953,201.26967632151982,0,0
1021.7174012784022,6.73506014687717,2.60286857566003,78.48793707859014,1,1
8982.436003737936,58.217046017627325,9.071950307058298,233.0160531876811,1,1
9014.138765916972,34.588305695295674,6.707323119058341,242.96782933563904,0,1
6367.704427005353,62.091551776747714,5.6044063098044,83.3193482176604,1,0
3456.3949313821367,4.5742033812512854,1.1098946921348107,90.37836194222899,1,0
3557.174788665343,87.15368061523763,4.470555438064254,128.9367091225995,0,1
7286.961220815369,97.3488969177397,4.6035827120192625,239.98580719608674,1,0
8981.391573530513,96.88778552856915,8.645636095226699,223.46145545128945,1,1
8882.155600224662,74.96518317429248,5.466482201877884,26.1548304588154,1,0
7820.767903990476,13.008624013063198,3.8040054897040965,100.14633953421114,0,1
6456.113296927449,75.82631959290225,9.768003285106593,141.1096533861918,1,0
932.9856534509835,2.458691645880151,1.1072059332631567,128.29878050064272,1,1
1700.1242695366764,2.2123551528997254,4.225484283119446,49.43508232390763,0,1
8995.686466418085,32.36102191495412,0.4202467517140529,218.99827664787944,0,1
6103.64769062994,48.864319040466576,7.3990412076693035,172.61989966419353,1,1
191.05081100463352,77.04074178077931,9.180765521991507,213.66663558720992,1,0
1104.568274373718,68.32953766065052,2.8003732955048943,218.98489123411542,1,1
6668.667514169752,44.590270637674834,8.583416767991208,190.83074268476363,1,0
150.109680077565,27.362666628166586,2.9221823046189774,111.99870331867793,0,0
1691.9997090332367,99.71245001577111,9.107701616439153,155.68942252893325,1,1
5532.464514729202,42.6181302235973,7.5396190359678394,40.8931785605345,0,0
6949.762457157663,45.13870243296755,8.049067768414385,171.77958145610145,0,0
6554.416469075745,16.362382119166917,0.180065556004545,45.70958021351659,1,0
2320.2661636595417,79.48095487499293,9.62810357074026,176.95714558008999,1,1
7150.574291340605,69.36822257814886,7.266709920703232,58.54753099226201,0,0
2448.7659662183205,22.07696127887604,3.047510953861333,29.975581538306095,0,0
3321.4570117767503,8.238104561584269,8.29394664858847,42.14754498645414,1,1
7490.264910668439,68.0499302074713,2.8152119841492995,0.5079944808629183,0,1
6531.365700567425,65.45112142811352,8.727538395661279,183.2786025526502,1,0
8507.311763892361,27.32595269982093,1.1258039041193701,186.76226750988667,1,1
6610.3676337734,95.08635622504103,7.036859774607958,131.30800422788116,0,0
5726.255173021169,15.105789178090024,5.406984766449103,41.147514269122844,0,0
1027.3802014981156,43.23348010426019,0.9653447019544081,21.306356065225884,1,0
3740.3864502883916,94.36159201675989,2.41893828258839,4.8778864415081875,0,1
2725.5034400490817,41.97273169261223,0.1240403627731479,42.26578512613128,1,0
2515.4974694529274,63.85259476640856,4.687679654645058,227.1681614207024,1,1
9732.804492049212,39.75943979627943,3.0126526076000038,61.59189463392885,1,1
3991.667474200928,27.421520234867003,5.983574842977588,90.33918844038999,0,0
8931.260896253421,98.39776479598282,2.972378077086172,26.863098542739962,1,1
6348.272397372903,40.9334006315043,2.9991911150698467,56.702132710783424,1,1
7968.63190506232,89.40992036791344,7.431931987316034,132.4022655489523,1,1
5076.107221741402,22.995460589108617,0.4814283597835345,154.97693418939141,1,1
5811.348457800955,21.31047040250833,9.028949951919872,62.56484011238382,1,1
4975.9251688067525,3.113408288451136,8.522638743911815,14.721700602404887,1,0
2032.9055792006404,65.1666825375885,6.678046832264065,99.71338162748665,1,1
7252.275941088903,36.852634372376116,5.932215701073843,59.7218595862152,1,0
2879.6463881644722,86.4358249839637,8.923024981396523,55.98625042359949,1,0
340.728067671393,47.32099066915572,1.8533017952871444,244.7650146919311,1,0
6490.175729480961,96.81934279147217,0.7896916219082861,157.15662391105963,1,0
1853.3957261297846,18.552551570312115,2.395101699095381,142.00400300888444,0,0
9410.539985093852,86.86231679556109,7.945782787001903,106.0226513984471,1,0
9543.892912325615,77.65968527917417,0.34670266726483323,109.3808050246868,1,1
9157.15746318244,77.0921844644052,5.828068350834896,137.9307759787106,1,1
3764.5711325288994,84.47832281168877,9.954375161913099,177.58960079420734,0,1
253.02050363578755,76.10239909429988,8.556960938375394,179.04725452636652,1,0
9290.353769618481,62.62203216314154,5.214456890435894,43.78194646488964,0,1
4339.023068341412,13.124487768238758,0.6364090928664234,127.52875177953987,1,1
9669.882708532328,3.2526179491251916,8.313735143857098,105.049314233696,1,1
9639.837773183603,92.08478478156869,5.989785081772105,221.98437639869297,0,0
8544.793609126864,61.665031452073805,1.1493299705956683,161.011824910686,1,1
3015.0440314888983,79.65372909761763,0.938572848233562,135.78853693607536,0,0
3912.46751315906,48.152235151255006,9.096268194365924,29.42563375562393,0,1
8526.253048016883,11.730818896239448,6.692002629380784,154.4376617774699,1,0
3237.527851047149,12.518579220255043,8.292867993167555,29.88699594845952,1,0
1777.9781921923156,68.55652872289714,8.789789002822673,85.98767676926677,1,0
5612.332498337667,43.030589489946266,5.717723520483222,36.42470102765463,1,1
9367.932264191732,20.052472670033673,5.174463517550413,176.47877999121408,0,1
6990.694987082233,49.15945467414369,4.304274103209902,52.59428902821892,0,0
5743.605583884713,6.420893707513409,3.169465877911193,99.92414016294663,1,1
1062.0472883306084,58.19714019143988,4.345959608587117,228.39706829278856,0,0
6188.5715443217805,26.899340443509768,7.738796557301564,52.10067776673743,0,0
9901.533116032206,79.75591006371882,6.019234310151315,129.49029130948867,1,1
1486.8317508415878,31.036195892357377,8.925232899548462,106.91427359733561,0,1
5231.463558400994,45.52201490818012,4.433800143791878,4.621630466661082,0,1
8785.993412086758,1.1620539908100636,6.07089578718754,202.15331896106727,1,0
7433.609315766624,7.244688779455888,6.313075530919887,17.60670611022293,0,0
7000.455835853153,39.24935564066848,5.916971623063255,120.93503034912317,1,1
7054.592431472382,47.99388347171235,7.026337730855163,142.97296520943223,0,0
3658.962397075576,60.00205481193037,2.374334683748063,160.2487464367197,1,1
3006.5592582184845,29.166257870930323,5.123637775457906,175.60106547350827,0,0
8112.675439237285,69.49818861265426,1.0422480280834767,64.58445779829235,0,1
8120.1226073238895,86.01223971892045,3.8451132764481253,2.54458804790459,1,1
8684.015953943026,77.98509888933498,4.876670686212644,184.47813390050254,1,0
9141.081470309065,3.9618825348357145,6.522242595454725,136.59243283363253,1,1
5162.289748723284,48.0506947257829,9.505310525862035,213.21001431784845,1,1
5065.011317403276,10.493017841817487,6.0065106654835585,209.45403253967703,0,0
8003.122271771074,24.204501586252746,7.435939161765598,215.0481727859102,0,1
6534.642914699875,98.66625932671465,5.062660594952027,123.69913829478274,0,0
7049.472084851263,14.249554290151323,6.341040313763314,85.07524093840074,1,1
7978.3474274174005,49.888815345135605,0.7093221613377343,201.84734166079934,0,0
8911.052883993907,61.81557343181191,2.54391580841847,115.07999882246001,0,1
3446.1520528302044,70.2464970544104,3.618530932051387,46.7777600828758,1,1
3818.2712311354458,55.96486834869141,4.724933550065136,218.01837498817596,1,1
1030.421204424603,0.9770847419183659,0.45648745502383736,225.05276857694855,0,1
5824.973395862123,32.64613082439919,1.4002409755331768,118.90898781574337,1,0
455.8285105877467,51.771164338471145,2.7681430779130576,19.303430463995806,0,0
4709.420379511355,8.786649914483336,9.715326909010507,98.89565292881747,0,0
5472.181883605009,35.06269312091808,3.3134700710305074,204.90210316296387,1,0
2936.758396070016,3.3203108791366565,4.820410581120825,229.9523772792883,0,0
5949.249279633206,7.857849715502074,1.9609771273839294,51.88554933688694,1,0
401.95247439658937,39.69232762015961,6.107800710757683,17.078271066444238,1,0
469.74706861722274,13.271575404306034,2.806832155159743,223.72436554887386,0,1
8243.745550530617,56.75408482615582,2.0699257843842678,99.2982594396132,0,1
3665.8873499715028,68.94649691372658,5.16572628445979,138.14904588822864,0,1
1357.8990752536592,80.05866991090829,0.05505799160420821,246.85678207294353,1,1
5270.208274542563,20.01502442448101,0.07664032649225327,16.974005618126828,0,0
7722.936175676247,16.748258225906977,2.1906880910185778,165.32109190028436,1,0
2236.6281722187473,10.456784033440025,0.3672136250082114,18.896882756591104,1,0
6266.615710608103,63.64302495436367,1.0802575413069138,95.74457675895759,0,1
944.9399034383032,70.64757264869012,3.388606493387516,204.97270902432894,1,0
611.6490395692163,3.1586144825642037,8.025856795798129,110.53541935268677,0,1
5360.410852524665,93.62122462436898,5.720486433693008,254.28150024525235,0,0
5452.287703940055,5.1971283651472415,5.126677259564164,142.56011766138354,0,0
6410.5560248322445,54.12963353010704,2.9348882320812164,81.89634892216814,0,0
7288.304203854349,70.90605194509165,9.317537194328164,56.12838810571205,0,0
9760.935586679092,87.09691237460856,3.9701504123719165,89.38273624297126,0,1
5211.373448181834,71.40869321324278,0.8709276679577149,94.99598480868545,0,1
3297.269082118335,80.17280830697918,6.170665161178013,17.52198781961005,1,0
7972.343328210166,33.94501925428061,1.138383934766014,94.24142085382715,0,1
2781.239287494535,81.48251137465122,3.452231428016921,118.38082253350235,1,0
4445.8170649857975,8.011484638467515,5.074119387178088,184.2981268208952,1,0
876.718175288433,89.48166560605276,8.742225246851758,167.46601860401003,1,0
350.97235981302936,54.75923761537362,4.935465803401186,180.73524208343434,0,0
9630.219305311459,81.72977699624937,7.022587660316643,2.13273887859856,1,1
8376.203193070838,45.23182845183001,9.928168389990704,55.505186893036694,1,0
6990.14464032761,64.35776951965249,1.3148911989798162,168.7294935419634,0,0
4148.634149701272,52.640266093611324,2.747315255195195,123.41728888583552,0,1
1815.6137687013731,73.15895217553319,3.945760755976464,1.3549362954282163,1,0
1648.726722443752,8.162998203058958,4.218281785388314,205.1461338201147,0,1
2577.404691829494,6.03520839905638,4.110210752655457,197.06644118903603,0,0
5537.343980590593,24.710323401014644,9.07611002556555,139.84688656335848,0,0
7174.499634730617,15.954468011318834,7.140326444668564,16.94814807294939,0,0
6635.954029505539,87.17835665922017,6.079052140907038,195.46133763080908,1,0
2871.345579764834,21.92139873580443,3.093727178627821,148.84696487149782,0,0
9553.16627856562,97.58652558191314,8.237903842212948,199.3997941752796,0,0
7405.179475288108,33.68957917711069,9.550605114849889,191.6954830609393,0,1
5588.105119862867,18.211791568869927,8.211982825502265,204.76552834924846,1,0
6156.035387720087,78.96985071424791,0.01565105191472904,132.09205693317932,1,1
4254.04061803512,65.87077755008761,6.36401370183407,35.78275213934632,0,1
2552.536796061459,49.8195716453139,0.5113538144210072,171.14515571182062,0,0
3624.12951864749,55.53635509376312,2.5760722033372185,158.22081518825252,1,1
7602.676493597254,71.92017782722638,0.5952470034777169,189.27456273576723,0,0
242.4955374345831,22.845474133129873,6.037954529493877,43.3196565429375,0,1
1249.1191410184708,99.63339160567419,6.865899134926067,49.71867597457375,1,0
555.4261560153523,97.4793162146783,1.1448763806590512,227.05442689092877,0,1
503.21514295780435,65.03256863469369,3.838388830449795,191.24433860527805,0,1
8569.059781708971,19.954245092914512,4.562365089555421,231.59826461858233,1,0
7066.2128078622345,68.02282424312914,3.690530217609166,193.47240689679978,1,1
4794.320907964519,7.219840897917584,1.2102500048519305,152.27460302752698,0,0
1068.5581904449145,3.0652502205806065,4.1894779018747546,166.80384794210778,1,0
4966.997163656641,25.76828885112137,7.511780478084181,226.72762060470254,0,0
4787.3705307276,46.26229567393163,0.7100766453325547,147.59572240054484,0,0
1814.6985121091502,86.82725054083805,0.8018001408190345,161.2597877037388,0,0
4395.131327455933,72.7169069766308,3.547712918359842,39.901562580918146,1,1
4045.196870533997,74.2706521199981,9.417257116189251,120.8499111296062,1,1
6196.915970716943,42.54933344480754,6.6857264672291405,182.68126354931525,0,1
6387.4271435896735,34.59349925469629,6.786699566725648,69.09038807067319,0,0
548.5096967432407,37.10387629846027,3.6191999083786497,51.574816033756406,1,1
3808.664884802065,98.76495637360578,5.9366079120853845,80.02583609722596,1,1
6296.01316557094,4.010919141248248,0.10131184027743378,61.58266013817253,1,1
5081.048959942868,86.70314961224486,6.360960464095422,54.80272244428094,0,1
8579.249427764391,57.86754085723934,9.132869475762368,108.33696493136217,1,1
6621.066953027555,43.86154191895905,6.125734683448192,231.49882104030118,1,0
1713.0508281061539,72.52576604151365,8.736985934663451,129.30020991837316,0,0
798.6305992642555,48.666894142470284,7.239730554660938,47.919697107907375,0,1
6459.950854242525,87.34232380816606,1.2055841640369025,19.62777569212289,0,0
362.46197436205597,90.07018640112585,9.024533072858418,177.51981701017093,1,0
5899.178254607286,42.17209268734554,0.6644384435577488,97.6136849312789,0,1
9408.27939010708,27.682779723505156,5.3396747254776376,209.56689137926662,0,1
5797.194360971202,59.23503285933622,1.4213712379345766,168.1752460033964,0,0
3942.882269444567,91.2363345616691,0.11706610730904066,203.04156988804897,0,1
6468.553362579297,21.066218900566657,4.22034260127639,69.34624005170443,1,0
4636.703615866015,62.296658356348274,2.9504070765415626,176.5515252275698,0,0
5501.606214227756,63.156022009252055,4.86000493797603,67.33580609689828,1,1
9420.5016068876,73.3113022415281,5.771998867345508,239.46246225982435,1,0
3922.4161142276653,13.15676851272598,0.4373907230894736,162.27544179101048,1,0
9615.786581856752,71.58249646820886,1.2300329512374564,82.75050904471223,0,0
9062.97135536503,90.9032520665641,5.586423964504253,68.72552488452952,1,1
2038.3322344140347,17.968310887024195,3.4316735317265823,48.686279193269094,0,1
786.676878664138,23.754332492387764,7.29173487549448,177.13344451790059,0,1
1097.702213636524,97.13950940416396,6.522916485919397,55.77248131447146,0,1
280.39607395034227,18.097695270948975,8.456043629899067,151.8023328115097,1,0
1034.985311483691,85.4385093369579,6.924928266692253,67.48193186596612,0,1
6861.767056821933,49.227785644803475,4.299310773901482,168.8020809224365,0,1
804.767619756267,24.723107440317705,6.729666223944324,207.8096307778375,0,1
3257.858739908237,87.07499012725114,2.753811742554185,198.39643700188657,1,1
8464.2655785976,44.53052550026655,3.063134987782127,194.01708938734933,1,0
330.3921637846761,51.48173539296902,7.889851599207933,47.86921345152428,1,0
8163.237977630464,35.92333693997657,4.4641951640158215,22.53816148105227,0,0
2890.3622702566595,59.29508514349274,7.983803405183525,178.23195126428334,1,1
1269.831793454397,16.352387258502276,8.224223736682784,93.92853951755959,0,1
6997.697937105091,39.10815366517607,8.575623376612837,110.24828773285356,0,0
6326.534183120852,96.94123223352875,9.166352358412073,7.943018662314722,1,1
8786.972933917825,25.813343270112753,4.309852205132962,66.19199456513755,0,1
7377.203333658469,65.67366645412922,3.188668183211388,8.587482987988325,1,0
8054.461210810001,32.51900642246949,5.821987465941138,224.19237201331813,0,0
2892.1422684559343,77.34731256866006,3.711724234376276,62.066154220725274,1,1
1856.651483419256,13.087366071834982,6.010741668002329,142.12097824111706,0,1
7531.086041244497,96.98210450785447,7.055858626438246,9.939726768588255,0,1
8087.663918745914,45.37895413836392,6.884050184921369,170.0460847829428,0,0
9906.000905806666,23.605046334646396,3.7455288702012135,82.37197316729393,0,0
4184.915001423122,7.349674733001265,1.6686020169875282,228.96939267420478,0,0
3782.9790493485534,16.975790508754073,4.305293384622075,226.47013817817913,1,0
7786.488311345769,51.977394855601766,1.4259414408190874,82.94910768224568,0,1
3473.9550485048767,33.70031764312863,8.900970351838083,229.7450284010693,1,0
9314.497523475291,82.88833658826094,3.458774607378574,254.0202067421886,1,0
8598.286243245817,43.08875236618059,1.5445974722332378,210.48099435160677,1,1
4347.040871012681,24.871427258762992,0.2544775990575088,215.4421936775834,0,1
7533.623571135824,61.714498660403,6.458223862864843,63.49722770781793,0,1
7569.974453438355,70.67772168854458,6.369023174547433,147.05911170872787,0,0
1120.9263014757328,16.704190790094987,3.406041665812917,17.1502580616788,1,1
9035.27377612771,16.761921628831765,0.7171188884765101,24.204073889525777,0,1
5101.998487233785,3.667142693354297,4.096288948952321,254.7176160684891,0,0
8281.928914466642,73.64020150656405,3.1121749506339356,83.29300860360729,1,0
3268.491050203056,66.38045276218051,6.7712063973500936,190.7868975724558,1,1
8965.679962112385,47.46308757498139,6.057792494526904,205.6995885218382,1,0
3953.0966194682146,84.41704489691972,3.6459372819754,218.79593410684345,1,1
207.29274965495375,80.56701529500532,2.178925542549901,254.39521583754993,1,1
9063.28156655071,58.535436439675216,9.880359661555918,61.5816037405013,1,0
1003.7381001827222,86.82712805132586,4.540016211961149,10.289460849223426,0,1
3261.205012145107,20.584121003676824,6.88274235780237,104.85383708861943,1,0
9505.613473802969,11.191961939772789,1.4055296757836078,33.17057080638147,0,0
9511.010754681805,26.974961151698963,4.855896996593978,5.718601736324056,0,0
5777.035092420532,5.708685608931486,0.27536719869465487,91.90884092107896,0,1
6355.188400481013,53.1169528001032,5.054551179104499,199.85325402418528,1,0
4539.610667585366,93.66056922949615,9.640174071177023,144.37607626239307,0,0
3002.786639810839,3.9343540668509647,3.8420671298580023,79.75838724864028,1,1
3353.778999162168,12.21099140100268,0.38996012574911587,166.85721140064354,1,1
6757.93271516268,45.21990282834353,0.3095579091934353,59.16463597874673,0,1
7548.507841433032,93.38750175279048,3.879867599468695,3.667268748381681,1,1
7936.6325328859,31.61561049767505,1.6002493646319405,194.91011354128898,0,0
7917.219613666083,50.723480868839246,0.23352096328185912,159.05448664032232,0,0
1002.9404201820346,4.15728590503921,7.562136139501768,194.3871692477448,1,0
4994.761016555556,14.834320096208886,4.585230088818907,9.92919425535473,0,1
669.8317241647784,98.66301229588468,2.8924477197265452,213.46550509681632,0,1
5540.335935004981,96.51186964360456,9.000831830164808,157.97918100925736,0,0
4471.151963596432,0.49399809344096157,1.161389602005256,143.66581443172322,1,1
8888.271409307168,95.18117854232389,9.559188289553193,159.27658226920556,0,1
3574.058624265579,63.91199378155004,3.139667173773528,220.43047795143283,1,0
1258.9634626332981,86.79182945200222,8.884036723086812,149.6688091725213,1,0
1515.617652323075,45.47398556338591,6.029428764794615,148.14234687148573,0,1
7638.955254002975,51.55960285792502,8.267073597414875,252.6231850517703,0,1
6220.358826830984,48.88465802569202,9.840131632104644,192.96619260248485,1,1
1101.1144936156234,66.68642575461044,2.8840543781874572,112.7849203900395,1,0
932.6573805384746,13.96512547563129,9.61135485407593,180.38623500839657,0,0
7039.594401445288,2.9973589872677953,3.8948189490242036,99.25377028140606,0,0
820.3537630055159,30.79299415911909,3.8551190473692234,58.36324293329224,1,0
8236.414586974526,70.46807627366466,3.403871042545057,152.19722860637864,1,0
7091.798048849312,20.185345212294838,5.414076073475852,236.68643501905763,1,1
905.3529283548077,67.34324333249174,1.541450431784871,236.930577603943,1,1
939.8933694433999,96.99120461072704,5.537114853580112,87.18584591690004,1,1
9867.731827161637,9.39007157894184,5.41704812410004,134.55775388653223,0,0
3805.2808779855914,67.26021182251263,7.6190181260487,53.96715413531461,1,0
3769.3572559622203,44.375021930457116,8.336499619375855,253.8859329222153,1,0
8146.7157158492755,86.81422543775054,4.404413503124241,250.1850665063236,0,1
9477.760916100202,17.71497894473859,3.0233324935149373,165.62477707539907,0,0
9861.410531846423,69.26259522261645,2.5933489731709445,205.1255852177557,1,0
7558.444034063522,83.81152896481102,1.9462383670487193,182.35054112734352,1,1
3824.969896756066,94.46142194740233,0.5764758219902488,151.25534585506438,0,0
926.6570953168208,68.32480282896458,3.424479788347133,13.603739232168913,1,1
7793.754467681624,49.71747640084273,2.7024769213078326,115.96490735092857,1,0
5628.20207238447,61.78472402012139,9.664173858664073,172.0705070526897,0,0
4299.797891545065,86.89049844787182,5.577088262500439,172.7705615403396,1,1
9072.908412437886,57.060974663882966,3.4727703903050755,95.14626769770781,0,1
1200.8550748308983,3.038705969683686,5.80467600993696,240.13145659779778,0,1
4976.988532479506,93.09486955069778,1.391967013456955,42.67604322037916,0,1
212.40108319744877,68.95267510315611,4.4404374920220295,127.59165878496796,0,1
4739.74035574185,67.65133857772466,6.262343214210638,176.1754140204598,1,1
657.4024292501898,21.567515239771716,4.888978317924514,177.76963050241136,0,0
1276.297371053912,65.88854702326572,4.017788006543243,165.40293397604796,1,0
1263.5098430933383,39.386440565415846,9.938483888996982,70.19849443022434,1,1
6527.18199094903,65.12329770414921,8.80314762148927,39.832675015088604,1,0
7485.8443047276905,10.659303030799073,6.234059581594401,162.16478334081128,1,1
5875.35077446188,65.7845304603036,5.693773611822827,152.82203961555663,1,0
9625.508229897965,99.94137257706666,6.2066047982458405,45.73578262375645,0,1
3811.21873728467,4.821203886055603,2.0131210782243327,179.81048212049365,0,0
2928.5496541904213,97.71741842213173,3.951377432643186,116.06885789208239,0,0
8699.131369075656,40.690796072287064,0.3945953289089932,170.278950858804,0,0
2313.5988013425813,87.07534503372591,4.7554603748682664,213.5286053413884,1,0
9635.903140462053,78.23854840582734,5.4302458395766315,43.280749287115405,0,0
220.3292994291818,56.70162609866678,2.277497361032096,4.881941339193353,1,1
9701.800384405626,73.84492092513266,9.640288471655138,198.67115953092562,1,1
527.2831283107035,87.8515561301348,9.09454610937242,155.47284341391708,0,1
8922.316825610904,40.4140321651033,7.221432354559059,178.40809025364103,0,0
5324.240979954368,32.70331615632387,5.333866287653626,213.72951862210385,0,1
9930.351481581074,66.75933855635847,8.69969159647685,204.71678838024764,0,0
830.5859908804488,80.78459419412586,1.3065234382346291,245.03463746685028,1,0
5583.157415573076,76.22851347766158,7.90509794274885,136.66344510729016,1,0
9696.09510262908,79.78136488586345,1.248208139668483,124.56638632827587,0,1
5278.668657284474,43.5583314812933,7.942106625494054,102.48123597213618,1,0
6331.046517539099,81.78342161750216,2.7576756825135695,39.19121592527216,1,1
6987.91202094771,12.020905537060845,8.770905810181889,146.0148443849157,1,1
4599.956541200955,54.448909796084955,9.440420938253979,70.63819370312459,0,0
6312.824992832228,0.575866049812157,1.4879596940511564,234.93341561430876,1,0
5884.711688038692,32.45858299002703,4.626756050653935,148.71365509065987,0,1
9021.46430386079,36.646153487139784,9.809873781626852,151.17424602956808,0,1
549.9191653804329,39.61726916092554,4.834074359731466,90.50578852363756,1,1
2881.53557696308,69.54672066898621,8.635475225145452,13.257284754315409,1,1
9509.073692357932,38.85581012703457,5.887315221313198,8.094660170112098,0,1
8913.611460520071,44.86936226225306,3.753299079196019,107.95046175906536,1,1
4611.001852578558,23.754413087432745,2.857835555258702,21.564171414795652,1,0
6239.312718235214,37.325179162934006,2.0322309108608727,154.74597366273548,0,1
2846.0737115132133,22.726962726315147,7.617981913776973,224.64811643811265,0,1
1962.399481265237,7.319592376844364,3.8654050682302787,225.14327821227414,0,1
4690.614208905823,60.34485933813779,5.112754622007511,168.05657958371927,0,1
3598.187057457923,66.82127985550163,4.9232548000118195,53.86411702559741,1,0
5878.195507323633,61.94903460096145,5.772790292331313,220.06419199651236,1,0
869.5729059533498,46.34940438005724,8.655771456245523,225.9538260048681,0,1
9746.508595895048,37.978578017922985,9.807393435834294,50.146664163004466,0,1
9863.486370348068,86.33336495718252,4.075842085738169,188.0436518715227,0,1
7011.800968795477,51.908178513621806,8.27518922106303,73.06248497641636,1,0
5407.354026806792,47.9181877629731,7.645277946547177,204.67327964999706,0,0
3164.3234012346447,2.5642065806435688,5.735289514555733,254.29566447541868,1,0
8156.5706950987915,34.12478276261564,9.56047143611933,7.656631358995167,0,0
6878.838608283405,38.019561878585705,2.004745155284028,228.82829577668764,0,0
1709.907699514424,39.88227808969005,1.0926421030962141,158.7707860676578,0,0
9118.17912648904,58.017236922733225,8.539619669554222,248.2125678870294,1,1
8243.118704939374,53.360254672687844,4.391498166337483,118.57742696923904,1,0
9503.019141590048,60.79050927934446,8.469688542070605,216.0839222957003,1,0
7284.623133044764,76.48832615421283,8.930902051954149,15.910487492560694,0,1
6172.810439764319,81.29857387160935,0.6245759361907144,85.49615776996541,1,0
4240.606059277126,71.81230762264944,8.834647629860607,17.08921712655854,1,1
9334.011985204732,95.55236959549347,4.483190553694222,248.71249903716298,0,0
8674.032506054044,1.823258267636163,5.104324890042323,208.32834635431837,0,1
547.6648340512752,19.57779856835461,6.265925110932102,217.3995924177225,1,1
361.03304752279485,0.756287497814212,9.263826067300867,239.181134015643,1,1
3826.987332092691,64.7474714154603,0.1911609442976403,21.701388960545266,1,1
8124.477974740145,89.8030548949987,4.768434683178171,98.3273860909,1,1
9874.03368021795,24.34822965762993,6.877220424305607,18.11389670622054,0,0
1589.127221924929,92.70345447963066,7.227069576982284,53.752240895257295,0,0
5981.894081986138,6.026739028956085,6.92532431537108,58.48827314460645,0,1
3870.819480647113,93.44360268055144,1.3443512940812186,119.62233881713257,1,1
9702.152538364571,35.16226872396344,2.9939558837168123,68.48335270067886,1,1
8436.977339043517,10.142082844921651,3.587155254170135,25.74941723852908,0,0
8399.454176640265,48.58717591863256,8.04437207679505,42.710227718997466,0,1
4740.062281970206,25.677656772050796,2.7875987241455302,37.555268705783185,1,1
4206.713073142885,28.487290196192284,2.1070496386720317,248.13458346763608,1,1
2806.730012113992,30.728996492628657,9.574480190380962,193.61958926421076,0,1
658.1174168441785,80.30258978326634,0.088632851134689,246.7791736437383,0,0
8660.751524925026,53.91612766752545,9.978208556819782,112.13382405951667,0,1
8147.719990387768,31.130769915600364,6.768212988573956,70.98396282397744,1,1
9997.204965532694,61.03337833109184,8.28469299449117,203.5647652883426,1,0
9966.704687031663,71.61506742231936,2.9461939634619316,83.19474910049243,1,1
5598.773885466012,27.262400073353376,0.14315277667059978,76.34276029486381,1,1
7712.975410287054,41.354910152535155,7.3786951856153005,59.28902801299695,1,0
9453.180725836037,12.188609333694755,8.341445970006758,33.068139447180016,1,0
8511.509167706374,18.11493495346803,7.404761319535192,65.39808055927533,0,0
2548.746207257657,68.11178539649828,1.428502873008386,90.60653586084136,0,1
4560.386939569926,18.143834769562694,7.53427922256969,171.86852307716126,1,1
1378.6782099998004,52.516338366706016,7.689227821076409,15.954034765960152,0,0
9545.105169861352,70.90462617224327,6.585405156700549,53.67926961466245,1,0
6101.1288810637125,10.687692309474384,7.661159327955862,206.30102827437747,0,0
2363.563774484281,56.73122196289035,8.459214396777321,37.46509051386155,1,1
6749.836775617981,25.656278370136377,6.136041142374584,87.37451236324299,0,1
6219.4695805331685,96.29268752375798,0.8860471396967906,220.48802507382572,0,0
3645.810908525121,48.35456467199247,4.876278096672109,39.505954341577876,1,1
1224.2201627763272,80.59925497751581,0.7764933467160506,21.097893082638425,1,0
6748.574636368716,55.022654215626176,4.075430310324308,123.55718874540275,0,1
5251.046238947553,4.341253285481916,4.071064891256277,77.11697537602677,0,1
7745.95207818283,63.31513755940223,0.6600984414024158,143.6691329433828,1,1
5249.618661008734,95.14033422066571,3.488205339694793,204.97024707328617,0,1
8536.596853153547,60.16118201463312,1.1099809879131484,34.972864478949504,1,0
5563.877703867407,81.91888594267903,8.082352100092221,148.07826656134267,1,1
5653.285918200324,88.42064633484078,9.476880259644707,128.9047338994153,0,1
8778.870666317616,22.807977194893247,0.7231647525793861,36.74009043336589,1,0
4094.4803755027306,21.204483990822666,9.551152072917015,159.11961380989052,0,1
1426.7507616613432,61.09809888509917,5.225765993367451,69.77830655449677,0,0
384.94849550205583,41.10284698067047,2.9956567795387388,124.39775122872318,1,0
7575.858831168828,83.98613028667204,0.7686207527616351,20.979442690650778,0,1
6241.0645583993,90.00231233980112,5.006242680704178,117.19393458947388,1,1
7070.389704182313,35.34213793027181,7.945155444907487,78.14818435091918,1,0
2208.345198938216,23.687055897448207,7.070864772666981,209.70720885226535,1,0
1450.0776083090207,78.05255152438619,0.5022601146397376,14.529575384328911,0,0
243.9921901120311,27.48060355481361,0.7290183536790351,106.74485510417414,1,1
3570.81683218531,82.26143185136785,4.028732826326371,116.9000131535167,0,0
5940.185099860868,42.37382536487628,2.9529049404794327,184.87654945627528,1,0
3983.21604648735,66.75498992914704,2.3238432305604784,146.4433316480038,1,0
4431.0017280349175,9.553531383466819,2.810044989087136,170.13914598451618,1,1
9051.17107548811,62.3859324676573,8.034827432968846,198.14756784119783,0,0
3547.7291235306734,45.17676787372291,9.29228053631854,219.86175828283814,0,1
5188.495942682127,58.66084631754741,4.051026945275664,80.03825166422997,1,1
7858.164826137317,16.801420774486342,9.061110021324971,137.19578986779524,1,0
4025.7735449805746,73.68737449441821,3.21495701247882,214.22756000199598,0,1
6258.658332255947,86.27970775432286,4.764369863437916,252.3100383960894,0,0
8637.400716592778,21.673980009077564,2.260289978159997,226.8274243161596,0,1
9500.254174210657,9.571455552016172,6.404760421758439,94.72415196921608,1,1
1556.0274611974755,2.3638586046336396,9.78981115174809,49.767461890755854,0,0
9273.217489098795,64.1971500443266,6.034930960433787,124.79509703868013,1,0
4971.951301487428,60.70940360887808,3.5781408411354887,189.11857021819077,0,0
2656.6194441596876,54.669741271407005,6.478174459905284,125.60511304209089,1,1
4645.443986758787,23.194709611597542,1.2292067846538757,123.21112014498547,1,1
9802.322495326223,39.09059959055147,8.886590802653986,213.74875737585916,1,0
4976.919130529409,59.4476335186173,5.030839507798364,92.15796366213252,0,0
3354.6409418463313,49.67668588591694,4.49349742039642,219.24764207696964,0,1
6370.668457735585,98.77855202148874,5.858647884535192,103.73522424268951,0,1
2477.4416259041113,13.643975255673313,6.2478386278940246,83.69944194797655,1,1
851.0469482757728,69.51445540475937,0.7177580622651303,115.76742735592325,1,0
1375.9092469154273,40.431876810429216,6.826172212234024,194.42397446209145,0,1
1367.6538056819472,42.819961492561475,2.419316803155296,32.13051710531854,1,0
1603.836665771714,71.75977656581762,7.139526325065898,50.08690004736443,1,1
1474.3890092291604,69.24361513243696,8.225347943841967,242.61843054408845,1,1
6444.659973551825,99.12559937021884,8.039585075525203,44.75036498224613,0,0
1900.6128355515339,12.839428945412523,5.525009674078891,144.7704660724189,1,0
3522.106104906246,10.410964938416633,5.201698923107512,147.72518899879415,0,0
8978.205258069516,72.43388171287411,1.4287596133941172,124.85423782281242,0,1
4792.220238602436,57.83869170064091,7.753461504031356,164.41003838708875,0,1
6708.821611358169,27.416066655980586,2.7140938044671437,58.6058150783927,0,1
1805.9667248961355,7.9419368988986605,4.966954228179466,140.9288782830708,0,0
2003.6612862058407,8.565824959643054,2.842740929275167,94.90418008795878,1,1
504.59930103814077,89.41908746641182,1.3382836299969314,168.7251512054432,0,0
1772.457124414429,19.18673247187429,6.2955769689173655,36.01200356015311,0,0
2858.04435641639,32.33715621155208,0.5433203482290383,145.57374129406645,0,0
1852.4037943397934,22.6656402226988,7.486452341262,47.243940622747544,1,1
978.1550841948506,35.49963058319373,3.1758679526111666,71.05398109433428,1,1
1294.295123895948,6.942384274609337,0.0013469300448532007,55.770999082513725,1,0
4661.709803523985,51.90597909082704,5.111291392372298,46.62363386654836,1,1
2142.703812217346,6.76125635922149,0.46851908527603126,210.55629264797008,0,0
3706.271624375947,80.03565078223616,2.761695578208995,72.85542975352703,0,0
5083.830981463083,23.3712081910433,7.069764874557162,236.41656437543458,1,1
6934.908803430716,54.00119146045106,0.6268962162186587,247.33126396302367,1,0
489.19018442687945,88.00790875614582,8.393384923560024,145.67141983395982,1,0
8014.162949199522,65.08773690471942,0.03819922658583108,36.465286279760235,1,1
6316.213855959987,53.29577865513353,2.4682386920190225,95.50980206179322,0,0
909.4144162938319,32.43337531153756,7.409040561520714,203.42172715379456,1,0
8748.428378657094,33.300191305819794,3.162701497293068,93.68463581775296,1,0
9216.63676526495,66.94869551981901,1.0189238806601353,22.18939066721113,1,0
704.6718025631511,99.41393612211675,3.6023391880042785,141.9801522866879,1,0
2841.088716657317,66.18391898493786,2.7039328638452553,215.50581713148887,1,0
8081.392669951307,55.77834173700249,8.427119021605549,202.9612287215931,1,0
7507.770934798218,73.06505102392461,3.1334791758514315,44.656400733240076,1,1
1926.7580916281356,46.52056122837182,7.889324717760072,171.554976675179,0,1
2172.558301033432,6.0142342600785215,8.918721448107348,56.22858717609001,0,0
3767.6738176346817,56.22968158779098,4.338174195765295,55.64292131080392,0,0
4896.777553391111,95.76252845053801,9.09943143854392,222.8883021928222,0,1
6220.72223814993,17.530294235765965,3.7731805396319285,63.66558294875869,0,1
3752.245031740747,69.00048908206658,9.640784164901081,67.12807336209285,0,1
4679.093689718165,20.093368865905646,0.8928952452557293,0.1666146441313865,1,1
7499.962287524189,53.582768447308126,6.870192665032428,222.020603702007,1,1
463.1637086169192,9.667644964671961,4.938140404569287,202.11167736832937,0,0
2599.1257490058056,45.037093625818514,3.8764880545564706,159.9688784481229,1,1
7162.160900257069,75.61633288952461,6.327118787486009,191.31776980440478,0,1
8962.547693103274,34.757152423898205,7.038570916343312,38.77238469324541,1,1
5165.6066769450945,66.4911724487218,0.04363269650309087,116.87251661983174,1,0
5367.923504126625,79.54499607897291,1.6695308874719872,89.56094377393913,1,0
1161.002912263783,92.71778194794527,7.130460506343187,23.913014195539205,1,0
4529.382431552201,23.464208185545353,6.663854135782064,123.96327372980564,1,0
5372.9109379047295,39.931591580930814,9.660475051286772,234.78861083737203,1,0
2500.4579859838236,15.241601333041743,7.61037790250783,10.215075357927093,0,0
2765.5079863988717,99.24835021583752,9.50772707731338,74.32253294091744,0,1
3835.1132147357644,92.70009679242953,7.02540501534807,52.922938732454384,1,0
298.7048579994911,53.99571302805596,2.9805220863944317,60.72739668475256,0,0
3288.583739273465,84.20332943764213,1.0536492225085647,231.6508107292407,1,1
2193.335269265792,52.09579772720422,7.818238633449356,119.35760882974398,0,0
3342.223786561355,62.35856880027597,6.441492214759159,118.9063502996538,1,1
1285.645105010587,8.912443211601662,0.4818601239329623,193.946788826097,0,1
8916.22007932496,75.52704204968079,3.6005046590097836,39.39551202125608,1,0
5976.565290185082,12.771348363523483,9.567998154842861,124.25266529551295,0,1
6823.112959530447,82.60676302525283,5.0040114571020125,109.64622960087023,1,1
7912.7952622126495,78.20280876703859,4.327291360197046,152.21222608939732,0,1
5034.577769397667,70.87446977429764,4.57699605159294,254.88721432886183,1,1
960.5108520654945,3.6160380524762115,2.0888272400516374,196.209467990922,1,0
5417.354764003623,30.31283559453286,3.6870717086479523,101.45575426944393,1,1
5909.727068406703,26.311256991084285,3.698132559871766,211.02602832988197,0,0
7479.850794424867,36.01364074715191,0.523550201874724,43.53063264468245,0,1
4373.429507673826,8.764274676383854,7.675676285179183,7.768240008784832,0,1
1363.0449976760813,93.69578230310628,4.16504431903879,52.13433497838963,1,1
2909.3814674073724,55.38022407123763,8.221798868164234,86.80494680913621,0,0
3694.5147343464873,30.552431065802356,8.503480011198954,130.19809315218777,1,0
6494.580689182852,39.698151707428345,2.1199405469865806,156.85793083800596,0,0
5750.705216222228,44.72025405048357,6.573534821701285,232.20445788967754,0,1
3625.3575863886776,60.05943333606173,4.722818041629817,130.0127724353667,0,1
9866.5009630505,51.567942769649775,8.80156737921485,127.82528937956099,0,1
6097.170711633183,91.93919732144174,2.157406791764541,12.811967504860444,1,1
2448.545238186345,49.696348290583025,6.778132003100442,8.902445927337071,0,0
1107.646478941997,99.21580148233127,6.077521222527226,140.54579028867488,0,1
1613.305477924887,85.14249577450957,2.953014775718328,111.73554637832785,1,0
2534.9815110066306,20.85105143573358,1.3660090365117261,213.99100071997614,1,1
1690.7455952696012,93.05952146439162,6.516397604772766,40.97329410152052,0,0
1947.0135381079272,11.636639788547608,7.385974581323307,6.367773839847647,0,0
2922.4421700690864,81.74497084911916,3.1562734376334998,114.5048858221821,1,1
1816.3985934180728,38.06232934765801,6.448326040223138,60.55703197182566,1,1
8977.97770380161,87.79743204450695,3.9513090761150327,12.65166520140355,1,0
894.3140820502579,86.80566901074504,7.132068832826177,184.7725631461454,0,1
5292.662756745522,80.59254001176211,1.992152748940531,28.456214989098108,0,1
4162.928587197649,79.00304363070614,8.902150026361744,155.12147250198177,0,0
9825.548307395204,30.46791390980408,2.8740959646557975,71.66768629255674,1,0
1209.1851314637183,8.091928305125219,3.677859877561529,44.24149284053062,1,0
4038.7704305528423,40.29801787651615,0.5809195208034978,96.83663834442595,1,0
9697.757289426152,17.35245149865087,1.115122123212764,204.3686729368532,0,1
8668.520546350404,69.49510889024617,5.158619027123281,99.98386211066604,1,0
8189.013502397871,34.609972653778556,2.675926767279715,191.4462605488192,0,0
2653.2379877449043,97.56102008599149,8.354802257421944,31.999005683783427,1,0
1791.7871151616516,64.0972077345332,0.14693388654953843,197.05671201459518,0,1
6719.567877251867,82.24805636343609,3.7909404867193617,60.4179978511954,0,0
9300.8222923631,13.252467274184843,3.3734554676909267,172.73524812166255,1,1
5611.952640837905,86.20144822726226,0.19327630917601035,144.27429648445406,0,0
5758.965625752008,92.27571905133944,1.2436839900051022,236.93190288898026,1,0
2871.7930272368135,48.70619188189359,4.136426749186352,98.76724208370507,0,1
7717.980038600175,60.625293775097745,4.928645844474467,16.872123152782315,1,0
1951.7331107194814,76.48098009029954,4.042897472548691,4.8846488155694905,1,0
3304.4244404020124,17.483862726041256,5.309376784120938,210.84893304805203,0,1
4311.820742302526,50.25660764634424,5.951316749056815,133.8075876036652,1,0
5125.342748976104,39.86630277723131,0.0992382112783563,197.68723321791205,0,0
2499.856350909294,14.63739921622491,4.640951594535039,59.77852800293625,1,0
1236.884564918115,36.753442229153144,9.634992408875883,87.9963551058746,1,0
6145.138420172163,6.817230938549357,5.190322801295487,7.6764874138863295,1,1
2957.442477078532,2.5811906949486985,6.775422674589532,245.1805427663986,1,0
5854.2583920838615,13.516628915482276,3.118638579168832,170.30631620870741,0,1
1628.1908812146028,96.31151115891738,7.739913781527625,237.96729737862307,1,0
4863.287008362693,54.952953589501696,7.729214818761151,67.70158389441345,1,1
5372.6353822607,96.582216115322,5.212960476541389,155.9232208625435,0,0
613.0530145420264,43.2497878330132,9.760138232792135,173.01749191462264,0,1
3432.382354119814,31.181613308525957,1.2555021476265338,80.97517356568505,0,0
1430.705301695845,50.61418628402441,0.16947664889580993,216.26785492898566,0,1
727.4122076804007,43.95116886329101,7.701582117570959,241.5261730395632,0,1
9900.606300660458,10.566468426174392,8.071555373648826,225.63805501248112,0,0
3291.3030652497573,64.08263146902063,1.2020722912057624,188.46207886454,1,1
8117.757013960885,21.60381825095996,2.6558283295860607,70.75349332986328,0,0
2620.942482161262,61.95879548978296,0.1755236336662891,71.8120907369361,1,0
6846.8769500169,65.02010923981534,2.933086107805647,245.65688171373966,0,0
7626.255812907897,15.20248531286481,7.731418739186715,2.6225464636014673,1,0
5996.823532017658,6.134962711066816,5.179605277125789,182.59274317674684,1,0
4768.604266646568,78.07615860684398,3.480955931682881,180.09277145159186,1,1
4177.2250500579585,45.98004237693202,3.717392949063303,158.78583294219834,0,0
3553.7958387756535,5.816379550547579,0.013536257154681541,252.47775575215078,0,0
9302.338528053477,99.48663171697672,2.9980052756523587,79.52925611974993,0,0
8323.132137098519,5.778056099636664,6.464587416379305,86.69282526727828,0,0
9653.766415598475,69.50352288585532,9.741944438163571,20.129547751371664,1,0
1330.5425125068928,98.36789252634136,8.470608269838994,112.91352481865304,0,0
7335.588004516078,23.918010421592562,0.23594964645529126,66.56737418988627,1,1
9389.570522528275,14.224936868719617,8.985606046748394,87.56360905529928,1,1
1894.2073550400355,12.138493942242889,7.83198413298626,212.81580651518505,0,0
758.3130469310972,30.327514756759555,7.803761235709804,238.54855094951142,0,1
7437.094427971585,10.10458110106467,4.579957590035715,47.361933361322336,0,0
5787.283820481128,69.2161341694132,3.980052929545028,94.9897775461338,1,0
8434.104889906894,6.229179813006269,3.029157288331926,236.8007933394255,0,0
1483.746528600266,50.94221281497897,0.6569485895436578,15.761157475751771,1,0
7973.146387412913,99.66968538529768,2.282353634936991,23.551934668401522,0,0
2096.1104684726706,81.39702695060188,2.4660363497802464,41.51170224758849,1,1
1720.1938343704746,61.52194382310109,4.840770697102016,151.77927270235307,0,1
1726.2313995168302,30.625362078661166,7.4744440659669396,38.37042910652936,0,1
8164.289730290683,62.389583629163845,4.7380982839794665,246.85947726993703,1,1
6685.452484892381,52.70414639116516,0.5784444944716061,113.91220445092269,0,0
5278.347705214282,42.60833838903715,9.57789800988204,127.88707988929242,0,1
3652.421792822675,13.071037674019948,9.427243190941123,62.89794703037865,0,0
8784.285354049773,88.66042152404667,7.851895431484084,120.09486437085704,0,1
3985.20656348409,44.97846488213225,9.913279015642205,168.78797632243794,0,1
8184.334450768613,19.462251182076507,5.444823328002629,191.5501699232809,0,1
4447.435594845162,36.77593508772896,9.627683502532062,192.23636109102782,0,1
3831.7498513065852,41.4129752528927,0.7560504061675077,147.36223373699252,1,0
4680.529878129104,82.75378955668742,3.656807482613713,230.6117426234336,1,1
3083.6409542250067,73.3614380561402,2.253812680067658,208.4390010630579,0,1
7501.332863744886,76.93048936413398,1.9583308413427003,193.0472692481495,0,0
5076.931861915544,1.1031264428647214,1.4080294889267608,14.179408028517459,0,0
2398.9056819534912,41.615399817976154,6.224136415659967,1.753880366010575,1,1
9005.788275418228,48.13441516353236,7.813218557473051,54.174055684845605,1,0
3900.523091594793,1.9192276823056686,5.782983994203606,169.19851644793033,0,0
5481.173325028487,25.98132087450342,1.4696270958820967,104.85535966504918,1,0
9074.073898549015,76.0289823122135,8.111237699334708,102.61359612132449,0,1
6279.956159548522,13.710970572899905,6.359547071637285,225.5696564985515,0,0
1257.2906030128042,53.531013145259166,3.881657061269955,228.36852627361887,0,1
9404.338023773404,21.52018720172375,6.74130295536063,231.83969233366437,0,1
6314.309725407037,1.2120774643893273,2.5990497924283282,80.03890951133197,1,1
3415.5655851051524,24.12014575995415,3.451922084942105,176.21923224851176,1,1
1478.793519367534,97.58737549100537,9.174858431319903,69.26646122496426,0,0
7960.84937377593,80.15371118829896,2.905045056714204,48.6055074339847,1,1
6238.720283692284,95.95766443210334,4.699882681579366,47.08127662357915,1,0
5381.2648105655835,48.785404392636245,8.901411373960146,87.23744332021647,0,1
8949.53657220448,10.973619867750351,7.077213502675274,109.63919304385453,1,0
7907.112391122854,54.79594889736929,0.6220322616470275,211.89203861904244,0,1
1601.5813093542367,45.43773345599609,1.4730304427897034,30.572228835541583,0,0
3186.0484711759273,84.4357082739616,0.07841590771916818,187.40609108569802,0,1
2560.0424841632107,9.808258078424458,6.309217902291634,135.52100311827286,0,1
7465.0682964695025,48.82411370217782,4.4767342541041835,73.42606238237808,1,0
431.9711038842159,15.004866469398426,1.3427485090227553,125.66899405587027,0,1
5741.907880226034,32.467592689006,9.579341210567705,76.48522779314078,1,1
7648.340988832836,73.73570773877996,5.296597239456199,152.00089858576803,0,1
8779.97980394132,47.601812936876655,2.418932941128892,110.63020032808727,0,0
3486.609312287484,37.58882851457693,5.006035711547075,41.92340991511408,1,1
8230.447316252928,39.44762785700353,6.796203327351078,29.728684011702665,0,1
1195.2541958565516,45.94467684059866,0.7623921797356448,139.40739892839318,1,0
8479.87768817173,78.50165438370568,2.74703815047892,230.11532348795637,1,0
1362.137757086626,89.20846889402344,8.069654908839937,87.70921007220981,0,0
4033.144176547636,95.53346865039283,4.596648704026612,186.9150273417689,0,0
7993.22412121758,78.6903386255295,5.465771420322949,167.95864550964058,0,0
1584.1825307528604,31.540689574801274,4.328160022094693,237.54650314891765,0,1
2369.5888128031506,68.81347060865421,0.4389994264300512,209.3501594112809,0,1
7250.300427091356,43.760312405539196,1.6574977982015593,144.48434102089305,0,1
7228.361711806137,25.467062204605117,4.455416387418909,167.54277704969735,1,0
6447.3615655644435,84.08715794259226,2.0918546540792784,229.08854897892888,1,1
6970.08960022429,3.8426348962324997,0.49979028659678737,101.87729006966838,0,0
5472.971989141202,90.17619921354235,8.436496640518238,83.33264999373323,1,0
2592.8106831788323,46.147746462473414,9.811925291641158,2.7568263269750664,1,1
3522.3903356888027,63.72014768082804,7.931428739967394,210.7705239188234,0,0
1897.8173963341142,65.93539222057827,8.53784921704667,204.25007860285805,0,0
9093.66055720292,89.51177407065364,2.419771303170454,26.635902115538602,1,1
5875.578768184592,63.66696821672073,9.606269755131997,147.09863218883856,0,0
4068.429025960035,61.39335847600618,1.9692570445342839,118.31533303255628,1,0
4673.857456076914,6.665204056068996,9.514298103618323,30.270819354823423,0,1
9478.105062156972,51.84080219452041,9.94819293965951,250.0448979004845,1,0
1618.178890849194,15.016900081704165,7.117228057460487,54.747451303155636,1,0
5903.675336966293,73.74337687214856,9.81143731791822,17.14471592309309,1,1
5108.297920956214,51.22219208126745,5.695397795671036,151.68608177298694,1,1
6153.396930803014,68.02277792083532,2.595417831760903,188.41100266892332,0,1
279.290819826321,4.167290060238427,4.369958856656209,8.273078742032675,0,1
8734.026698547099,8.479201604580322,5.93560935378786,167.97299787539066,1,0
9327.970996587763,71.63233880626822,0.7308156202701499,135.7344283676209,1,0
5694.818517533168,7.208433599867337,6.223432646172461,26.332577263137345,0,1
6996.843156381234,7.12567277652586,9.811778367622946,43.993588621322324,0,0
9232.743873655227,1.210847523488745,1.9010764978372763,144.83344581560053,1,0
7101.662479702646,95.65013982994802,7.925951162883833,75.57119144588853,1,1
1610.1365248511872,73.75083594590069,9.078987937796194,239.2705108060856,1,1
5805.254765651451,35.32514085020642,9.437015928202207,208.77875851843294,1,0
6106.478959190274,29.65355812876552,9.601356044054473,250.80963766098407,1,1
4298.893645893621,34.97032297458495,5.214596387214719,66.21606393235557,0,1
7390.797932684756,77.46535311811819,9.773079079915037,247.27952636348414,1,1
9350.233446213248,66.13706110704143,7.573102071344389,109.96463679684726,0,0
9263.128277777085,18.519556786746794,1.616714362369619,88.61729280500742,0,1
4563.309776900908,17.410933533408436,4.7690010646797,12.839129377185078,0,0
1221.056653823477,9.839564971339732,7.18331175372004,13.455140754198668,1,0
9849.927869727113,66.03027197013381,2.473403158190833,176.46287026639695,0,0
8405.091055814748,76.43726622217359,6.406151835488874,116.77189358067712,0,1
1334.1605439123418,26.5046428325004,6.666004790466192,57.76301463920696,0,1
9216.334637911987,2.094496103091281,1.6269974380856589,156.56242811293433,0,1
8711.97398441507,8.217166747642734,5.650853124527563,64.47882015377834,1,1
5236.496765548114,96.78600348450304,7.716269109786077,147.29609735782776,1,1
5953.626813874799,29.544477747742025,4.988956645359419,91.59823048058604,0,0
4050.1267683142896,76.92231478381336,0.12103116776107425,210.00581778601386,0,0
642.1402243381102,62.46635688542638,0.09038469079292177,209.27752099552873,1,0
3418.452692294419,38.19396396528959,3.570293439700122,121.72435152121234,1,1
8048.249141120314,20.56872621955551,9.26194068431782,89.45887288042897,1,0
145.8570277455683,12.138641815940643,2.286767796036088,92.4527481225691,0,0
3401.6417997423273,61.50129680388666,6.343636888716872,205.45720404539557,1,1
4041.870066550339,77.4633780637788,2.2207587069332058,83.68576811339106,0,1
5420.216469085436,64.39042535411306,3.216699896595486,53.31014029524574,0,0
9206.570602486328,53.030213324915835,8.48042089601484,21.59552717820324,1,0
3528.8253442230166,4.195122343163627,7.288614422699469,119.00674582552413,0,1
3534.836698772654,96.84887775943838,0.9539927731321063,122.94368522455967,1,1
7401.262356286509,79.87141916545745,4.287020209864336,214.43172115274132,0,1
4576.957614809091,29.282203670096475,0.2916976364526447,56.41586759374631,1,1
2323.5877471058216,97.99703293588506,4.80890146603009,97.15277478544198,0,0
4579.151209713665,60.18815896363221,6.62434011701068,206.14346341789118,0,0
1494.4845017600187,58.24226582072465,1.1850262359815156,210.02402074098825,1,1
1846.2311664116107,74.8073179429532,2.8888493890916567,98.07582437458589,1,0
5033.84095012085,81.17697880901376,3.9783662550215695,117.07662593810363,1,0
4247.361950095024,65.64786073315027,9.195310246560497,77.33790216656715,1,1
9156.97442057419,12.809574636620003,9.93255015422964,237.80149399692456,0,0
3687.699601254668,33.82675059944984,0.44911298995615856,30.25416026410298,1,0
5847.82466775263,92.80836403260497,7.61007923495392,238.10610286537485,1,0
6359.416450403351,22.461561184385193,3.717240664023432,174.38594521801252,0,1
229.635120224503,37.21670238375133,3.9245818622948003,135.55089893511646,1,1
6669.019982965435,43.2076882944196,7.542649733470227,8.328060500046448,1,0
1862.556072010539,43.940498969445215,9.184264321454087,121.27702891461212,0,1
9614.596142947606,61.29395824945255,9.509285945025484,103.97576677569673,1,1
1571.7610047558182,94.30758377447076,5.771225860383208,41.11079705365625,1,1
4204.778824897535,24.069271183250496,3.571211593005028,167.3844488926675,1,0
944.9617139785742,12.150137630091805,7.875490858587792,247.64348137891287,1,0
9969.05509327488,19.747048985993732,2.5100138326230024,143.35814682145391,1,1
5071.730602279302,88.69249002092695,5.640740288335177,182.26208549320617,1,0
5994.311671468434,64.5810812655206,3.5857846152487314,17.45486540433428,0,0
764.0571261454321,28.590678923916013,6.566310737078761,106.50508393333365,1,0
7524.60865695186,81.59469389686173,2.403989128935069,29.671413716946446,0,0
2178.065371646299,86.1369996363436,1.9159294573482577,156.26293806181016,0,0
8990.737465463066,84.6514338690278,9.182390866754371,239.31295034460942,0,1
2130.882440771871,91.89265336395545,1.018036829495369,168.7533217802678,0,0
1987.8084345702991,25.224102017336158,5.059579077349317,19.58477732017749,1,0
461.8417116961393,75.50419287462783,2.208527829630089,90.43988227119613,1,0
4773.462756588992,46.053949727414,0.3892996332566745,140.41916175741713,1,1
5691.927219299902,84.19985528900615,0.3601881829142639,102.81797781397931,0,1
750.5155303406884,72.84906771616131,1.7522177210582734,212.57922267116894,1,1
7777.723405280604,77.64474464997247,8.667703545060002,207.74110620104724,1,0
4587.559464005473,65.61618376810715,2.8247874397702666,156.01691012632148,1,1
5291.463666343042,17.742876946970686,9.504591705752958,95.23177600883984,0,1
4463.551194688459,54.502691889693835,5.816222929891936,65.11077530962726,0,1
4067.5543026657274,98.46697395245081,4.366141897687661,26.997951144347976,1,1
5640.439279951357,93.73880664971189,5.800888346694546,90.49890928907128,0,0
1636.8784347140538,4.317373579701167,5.166983852262677,105.35899188796849,0,1
1901.0884919031841,16.481481572943714,7.587762537573251,172.33484590153876,1,1
8631.677648033821,13.172877345456191,2.8249606597285224,167.83075519588124,0,0
9466.543075122963,72.59799099852955,3.530503916003024,17.877575608520523,0,0
3795.762231169554,81.77853298569451,8.940943025332507,100.79112543494523,1,1
2780.3722641211825,21.35113663106719,9.464565131504054,46.35361114042729,0,0
6475.595478066256,50.5852692951829,8.925582274864745,39.987239855785454,0,1
4146.468293871154,84.07030280112,4.194479939573136,210.9620481829977,0,0
351.32492103741413,73.28015447662506,7.803655030068817,10.688380262645671,0,0
1645.9107139252847,54.223720549184826,4.763357333010988,106.89163335504094,0,1
7188.125065589235,59.03476904587729,4.975398521461022,42.89193222046214,0,0
6623.3470249104985,50.83605469162799,2.0468010905728393,224.22920499801089,0,1
368.25032578448656,29.754845131882057,5.911303032585165,142.04533088513395,0,0
2297.5244031361995,56.50219928590161,1.8613589775334793,59.00206227609625,1,1
2387.640486221907,68.88853020500906,3.3156469906719375,128.118958227426,1,0
6751.7381616274115,87.33229158608077,8.550302016199351,186.52902172429452,1,0
295.13432376820515,63.629135397924806,2.0707580921085524,244.32009227445562,1,0
1130.674961647281,76.1121537043158,0.7115828517343281,56.21373108258183,0,0
8019.169245194575,16.0071634954573,0.690075926128163,225.97635189298302,1,0
1867.5921543379027,46.15574744197899,9.407845205031078,238.24754911271,1,1
6562.18646773356,0.9331619827093296,5.069204379618347,233.6872388556769,0,0
2458.0095323625924,24.667886452162303,4.094120718170183,162.03066099978702,0,1
1084.4697883175172,72.64617151130048,8.108785810079183,160.60426688085047,0,1
2507.4046908945957,99.18099513493634,8.35825927910516,102.81871146187481,0,1
7250.442625371025,9.917809958721591,3.321910331156046,191.8614599874659,0,0
8571.39503425223,40.14943158612883,6.936180574737953,135.47997467948764,1,1
8319.176659213217,80.00709686991596,7.711228158518866,172.7467081632151,0,0
4032.116943222703,20.403563462889885,6.546506868659545,109.25676548144284,1,1
6714.042852049397,55.50849493022862,1.5159507480009937,186.53159833100045,1,1
2129.3445246166275,73.30712960296748,8.75883083517057,210.24023698916002,0,1
3002.1625295840313,61.5985450260179,5.390945527360087,37.34124543371811,1,1
8973.724603359085,18.802473461541613,2.8247242637000367,212.39707747142813,1,1
228.71904275628674,35.538456868573945,4.252281854376939,137.77561560652833,0,0
946.534455459234,78.37917844853972,0.3757109039890738,215.3898068180072,1,1
2158.0739259456705,55.42265141320166,1.2786680122241756,109.98193511695872,1,1
362.6688183508152,0.5229613542912737,7.655467505158608,96.65532377267394,1,0
1896.2108073889933,76.09907600280938,0.00011634755366141114,233.34048679189172,0,0
5872.111453599952,3.531135494023907,4.165658284822921,64.04816322484233,0,0
4272.1030508657295,74.57337827312321,5.225101810855884,215.27414294796648,0,1
8937.44993966205,20.24805601652374,0.546344200009723,123.42524598989804,1,1
8192.691261210566,95.80734801193802,9.730781629723328,131.09433785057124,0,1
3483.991781808972,36.79407513020845,2.261253312496719,78.65941177981843,1,1
2668.2919909697957,32.69316163380791,3.0419871963628085,146.12576115784898,0,1
3858.954840855942,14.888805033244468,3.0394251225502735,82.92885505043388,1,1
5943.919930896596,30.560421549021488,2.304166621173499,10.01370063162134,0,0
2753.830044146475,87.66507618282006,0.01473822086311416,69.3596443628108,0,0
6279.0741877064265,99.63343376272474,7.293447940879964,1.626656068680623,1,1
4153.17535669328,36.83095305068483,9.668454997992853,249.48047069949845,0,1
5565.267090434604,44.861063095454256,2.242934832850451,246.26553850403562,1,1
4417.652638439635,72.2070938202737,6.630471918034225,100.76460085543779,0,1
3015.211019464985,88.61957804650746,7.418963269587151,185.73456785660971,0,1
9489.687738925351,59.304433418678414,8.484253790905248,88.18055509465837,1,0
7659.697362181632,39.15256981778293,4.226291970136091,171.1287550569239,1,0
1487.1204400878803,41.262184084862376,3.0293090564042924,205.38466097672466,1,1
8697.832961389337,69.56181464968068,3.252951340230311,241.4228423965214,0,0
4925.568862670185,0.32182636042786816,7.126213330985128,102.05413034166637,1,1
8956.067046251505,61.95893374598407,8.16779466505636,199.74098565379217,0,1
8018.56703387842,35.54930104413574,1.8161396775660266,67.81175491119029,1,1
4309.613694245411,79.41973312770843,3.7094100815776523,252.53473746738032,1,0
322.44615236916223,9.299063982313216,9.0194019674915,6.571247684909541,1,0
2759.905857910966,58.82022669483905,8.066935196947393,153.89984565778585,1,1
5462.178725142582,48.09728898861238,9.848584027624758,168.1740253210884,1,0
6371.434376278858,64.23255259052274,7.542482596820808,175.45161705390285,1,0
2653.0880857887028,6.485359448296835,3.9319520102792227,30.6988325912177,0,1
1479.6251333209589,57.99837874281313,5.906378339946378,239.32509478564825,1,0
8365.809344313062,56.14845879595237,6.610142542473203,46.201736157771116,0,0
9845.581588965166,56.06600944161709,0.7845581631712395,158.80211782615947,1,1
5304.33280479659,60.34876665964548,5.444969591038651,56.782400176386666,1,1
1799.6249298982045,67.64679372263622,7.093208284726096,78.34018634042408,1,0
2795.8425325417525,80.49889996807697,1.6732130400106038,139.3469281406717,0,1
282.0676978199207,26.982072012821433,7.806317174255572,106.384321733967,0,0
9151.55818494894,82.5049410180062,5.8377278051411166,40.85752824900911,1,1
1265.7357206123972,49.82556822634536,9.522217856975946,43.58878261731631,0,1
5807.51310759111,7.705827913433117,0.42422298206891695,106.6269209815139,1,1
2813.146684803339,5.85509292439792,2.6532613755546697,193.1071594602527,1,1
5586.362224906355,33.42383186960608,6.015538792998241,228.98098494618608,0,0
6549.061844683456,78.48969771114676,2.9655991220593068,21.452553876142623,0,1
8314.443856701297,70.76809347409157,7.144241640712422,100.24149642764726,0,1
2143.570590429972,78.86149646724064,7.59005282521931,25.56261874933354,0,1
208.85870371895675,51.72690564416094,1.0251596406647445,4.23108256131246,1,0
1455.167737681192,44.01989979554906,5.138544642067677,168.73826407420893,0,0
9010.18455429624,14.745252670628394,5.088905555910559,153.62460770147987,0,1
8751.5117678689,32.81927536093116,3.6928077021554104,41.569874022795986,1,1
6014.389711486052,43.40193661738753,9.32924862569672,59.62227243873135,0,1
6045.116918293168,8.860042967961723,8.275063198732212,6.045477179352187,0,1
6683.863078007929,22.061195271121125,6.972093819096368,212.91153745207296,0,1
1836.175658372151,59.82252940637388,7.143266357349976,248.5461019923806,0,1
9152.678264657101,73.56631142391899,4.617161438131191,34.542181882646155,1,0
4245.828196431524,99.83475113929497,9.209945210965758,59.02617951015102,1,1
3893.071429670025,93.31133313435576,6.945954272532854,221.4444286064682,0,1
5237.285282300091,64.25651995351916,7.289810616558165,236.24826847882713,0,1
564.963071073045,42.1248053294072,8.616909037873452,107.00498261573664,1,1
1746.2053506851862,63.617736470823274,2.74071589342191,12.908730428613902,0,1
7406.532802621067,78.56516180802319,8.07070903866703,10.044917591668947,0,1
919.706812458752,11.833619092338733,1.9524060295649204,146.35721584759767,0,0
6071.2058837172435,40.99048896962883,3.453419522448878,100.18825276776064,0,0
2528.9561858450775,83.98022856356172,3.356104542698427,7.306369032301902,0,0
3954.0265790155677,38.3832951933044,9.785254683891406,148.729360039702,0,0
2958.0679940299287,57.18722712271865,8.565372237479268,2.88214683020073,0,0
3621.1598930029963,58.77693608621982,7.011698615902597,200.7798493280646,0,0
7218.55446132403,18.447625313363936,7.270567616153901,78.14036978935975,0,1
3041.504984669433,36.22354416522884,5.6207279440257105,10.265790767354186,1,1
5707.405938939282,33.451128874193216,9.47090667108519,150.0298163507041,1,1
4812.898981771086,2.6196708532064794,4.962587528823615,101.40952568042894,1,1
6670.344537090216,2.4191763891355245,3.8051770986989455,248.31910540607313,0,1
9374.614419315105,83.16970436757735,1.63035336931591,138.77065893844406,0,1
7352.463762381478,27.30708099728124,7.86205652261058,70.18599116443711,1,0
2227.909748048492,51.80787662388154,7.344439320755915,180.90691048166357,0,1
408.7130371067183,29.872557358877305,3.8435503852413486,69.23046064839139,1,0
2696.414038568268,94.06792451153404,0.2519341395922936,230.5820393089291,0,0
5991.271513932523,25.929675886577375,8.389973277180108,95.55410247938099,1,1
609.1155534940784,42.96568127389351,0.11417983454073632,140.21648350793234,1,1
5014.02584729224,87.27302504846018,7.0369977962905095,12.896141475178359,1,1
6008.744204277204,84.19335667918087,9.70257109726057,108.66091567781885,0,1
3409.014519087912,18.610141784627732,4.376613281482035,212.2527026135537,1,1
7732.030817083637,80.26433097957104,2.349734049959528,205.4404453676522,0,1
1155.322706024341,45.81868867378927,7.0487101004338175,57.201232507649195,0,1
843.8640391845067,48.29688720853552,8.171281420155852,57.65016310769349,0,0
7309.068686415673,13.347997241594378,5.464303160778473,208.41285461437536,0,1
5005.364030441365,8.060151375712465,9.670352752561461,237.251597143178,0,1
6915.183724634587,72.79393069737652,0.516687216579611,24.317034924615907,0,0
4404.790652177087,49.646115235529976,5.047955983045282,114.76495305368744,0,1
2539.380129067157,43.68507026151796,7.184539473225501,86.05084113587839,1,1
8209.112944974579,72.95082286523967,8.626404711491789,222.02555614164703,1,0
8014.217201792894,76.55128989911097,1.7925561190779005,21.298853243404785,1,1
6977.495061458825,15.890816766935355,8.000034817636815,53.83711535229954,0,1
2794.2368585766308,61.02251494776413,5.527070757185452,191.87942608455606,0,1
5943.283602003962,13.535408227768553,3.965536819899632,13.079931490209974,0,1
3673.6415797062655,75.13750860290457,1.3171502857909356,125.59652208214376,0,1
1006.6625259336781,65.69551562671396,8.652957589089125,112.7372938433286,1,1
9181.404397076203,95.6614621083458,1.5727320817971535,85.27230064213092,0,0
1454.5044460977178,6.895801635642118,3.0978785920909924,100.61594040632556,1,1
9507.349802825944,5.705472115125431,2.9004553196243688,135.1348496672094,0,1
4515.457152283761,28.218707469320016,8.714140341908543,41.148676389037696,1,0
